path,scale_m,check_point_error_m,dem_res_m
1,0.884,0.07283,85
2,0.889,0.024922,101
3,0.885,0.553621,80
4,0.985,156.168,57
6,0.874,99.658,79
5,0.877,0.000457,79
7a,1.04,0.001865,63
7b,0.932,4.654024,69
8a,0.894,0.058952,59
8b,0.883,94.424,124
9,1.33,0.527598,64
10,0.875,0.224462,48
