ID,residuals_pixels
1,10.3602
2,6.33685
3,6.95115
4,1.02549
5,2.18498
6,1.54652
7,7.13094
8,4.31937
9,4.84874
10,0.746174
11,9.3187
12,1.09884
13,0.148397
14,2.8366
15,4.51877
